cycle_id,mode,total_latency_ns,processing_time_ns,lock_wait_ns,deadline_met,lateness_ns
0,baseline,0,200200,0,true,7679000
0,baseline,265800,200000,9400,true,0
1,baseline,0,200400,0,true,6440700
1,baseline,253500,200000,4500,true,0
2,baseline,0,200200,0,true,7678900
2,baseline,234000,200000,3900,true,0
3,baseline,0,205700,0,true,12746300
4,baseline,0,200200,0,true,2972000
3,baseline,448100,200000,3300,true,0
4,baseline,432200,200000,2000,true,0
5,baseline,0,200200,0,true,9752000
5,baseline,247300,200000,4500,true,0
6,baseline,0,200200,0,true,15680600
7,baseline,0,200200,0,true,5904200
6,baseline,451300,200000,4100,true,0
7,baseline,437400,200000,2100,true,0
8,baseline,0,200300,0,true,11032300
9,baseline,0,200300,0,true,1278600
8,baseline,476700,200000,4200,true,0
9,baseline,439900,200000,2000,true,0
10,baseline,0,200000,0,true,9889500
10,baseline,229700,200000,2800,true,0
11,baseline,0,200200,0,true,15878300
12,baseline,0,200100,0,true,6098900
11,baseline,446700,200000,3600,true,0
12,baseline,432300,200000,900,true,0
13,baseline,0,200100,0,true,11504800
14,baseline,0,200100,0,true,1722700
13,baseline,437900,200000,3800,true,0
14,baseline,426900,200000,1300,true,0
15,baseline,0,200200,0,true,7014800
15,baseline,235300,200000,3800,true,0
16,baseline,0,200200,0,true,12711600
17,baseline,0,200100,0,true,2929600
16,baseline,438000,200000,3600,true,0
17,baseline,426300,200000,1000,true,0
18,baseline,0,200800,0,true,8711500
18,baseline,287700,200000,10400,true,0
19,baseline,0,200700,0,true,14664000
20,baseline,0,200600,0,true,4911800
19,baseline,518400,200000,10000,true,0
20,baseline,490700,200000,3800,true,0
21,baseline,0,200200,0,true,10463700
21,baseline,237400,200000,3800,true,0
22,baseline,0,200700,0,true,981000
22,baseline,246000,200000,6100,true,0
23,baseline,0,200600,0,true,6596500
23,baseline,289500,200000,5900,true,0
24,baseline,0,200300,0,true,12673300
25,baseline,0,200200,0,true,2892700
24,baseline,437900,200000,4300,true,0
25,baseline,428400,200000,2600,true,0
26,baseline,0,200600,0,true,8901400
26,baseline,230600,200000,4400,true,0
27,baseline,0,201400,0,true,16093300
28,baseline,0,201300,0,true,6364900
27,baseline,611100,200000,16100,true,0
28,baseline,572400,200000,6400,true,0
29,baseline,0,1506600,0,true,3870600
29,baseline,1702500,200000,17000,true,0
30,baseline,0,205100,0,true,5912800
30,baseline,347400,200000,14700,true,0
31,baseline,0,201300,0,true,1498800
31,baseline,298500,200000,12000,true,0
32,baseline,0,200300,0,true,7827200
32,baseline,301800,200000,7800,true,0
33,baseline,0,200500,0,true,13476500
34,baseline,0,200300,0,true,3697800
33,baseline,445600,200000,4200,true,0
34,baseline,440600,200000,5400,true,0
35,baseline,0,200300,0,true,8855200
35,baseline,240100,200000,3500,true,0
36,baseline,0,200900,0,true,16056300
37,baseline,0,200900,0,true,6299400
36,baseline,501000,200000,9500,true,0
37,baseline,477000,200000,4000,true,0
38,baseline,0,200400,0,true,12625800
39,baseline,0,200400,0,true,2854600
38,baseline,452800,200000,6900,true,0
39,baseline,434800,200000,1300,true,0
40,baseline,0,384800,0,true,8608200
40,baseline,576800,200000,15600,true,0
41,baseline,0,201800,0,true,14589100
42,baseline,0,201400,0,true,4851600
41,baseline,520500,200000,11800,true,0
42,baseline,477600,200000,2900,true,0
43,baseline,0,265100,0,true,11571000
44,baseline,0,317200,0,true,1985100
43,baseline,845000,200000,15700,true,0
44,baseline,660400,200000,974400,true,0
45,baseline,0,201700,0,true,6036200
45,baseline,312300,200000,14300,true,0
46,baseline,0,247300,0,true,12277400
47,baseline,0,201000,0,true,2648900
46,baseline,638700,200000,11500,true,0
47,baseline,627700,200000,15400,true,0
48,baseline,0,200700,0,true,1146000
48,baseline,246700,200000,5900,true,0
49,baseline,0,200100,0,true,1109700
49,baseline,215100,200000,1900,true,0
50,baseline,0,200400,0,true,7000400
50,baseline,260900,200000,7500,true,0
51,baseline,0,216100,0,true,13506800
52,baseline,0,200600,0,true,3770000
51,baseline,513200,200000,10300,true,0
52,baseline,469000,200000,3300,true,0
53,baseline,0,201400,0,true,11752200
54,baseline,0,201100,0,true,2010500
53,baseline,536400,200000,13300,true,0
54,baseline,504600,200000,5800,true,0
55,baseline,0,201300,0,true,7725400
55,baseline,348200,200000,16400,true,0
56,baseline,0,200900,0,true,13396500
57,baseline,0,272100,0,true,3661200
56,baseline,588400,200000,10700,true,0
57,baseline,541800,200000,2400,true,0
58,baseline,0,201400,0,true,9891800
58,baseline,325500,200000,15500,true,0
59,baseline,0,201500,0,true,15418500
60,baseline,0,200800,0,true,5675900
59,baseline,521600,200000,14200,true,0
60,baseline,488100,200000,3600,true,0
61,baseline,0,200700,0,true,11012200
62,baseline,0,200600,0,true,1239500
61,baseline,453400,200000,6000,true,0
62,baseline,436300,200000,1600,true,0
63,baseline,0,201100,0,true,2387300
63,baseline,317200,200000,12800,true,0
64,baseline,0,200100,0,true,16866600
65,baseline,0,200200,0,true,7080600
64,baseline,425400,200000,2700,true,0
65,baseline,418900,200000,1500,true,0
66,baseline,0,200700,0,true,12881800
67,baseline,0,200700,0,true,3125200
66,baseline,496500,200000,9600,true,0
67,baseline,470500,200000,3000,true,0
68,baseline,0,201100,0,true,10222700
68,baseline,347100,200000,14100,true,0
69,baseline,0,201100,0,true,1096700
69,baseline,277400,200000,10500,true,0
70,baseline,0,200300,0,true,5609300
70,baseline,256100,200000,5300,true,0
71,baseline,0,201300,0,true,7927200
71,baseline,326900,200000,14400,true,0
72,baseline,0,200300,0,true,3926300
72,baseline,254600,200000,5800,true,0
73,baseline,0,200300,0,true,15208400
74,baseline,0,200200,0,true,5432400
73,baseline,451800,200000,5700,true,0
74,baseline,437700,200000,1800,true,0
75,baseline,0,200800,0,true,7807700
75,baseline,278500,200000,9900,true,0
76,baseline,0,200900,0,true,13518100
77,baseline,0,201000,0,true,3784200
76,baseline,547600,200000,15400,true,0
77,baseline,510300,200000,5800,true,0
78,baseline,0,201100,0,true,10553000
78,baseline,338200,200000,17800,true,0
79,baseline,0,201300,0,true,1375600
79,baseline,266900,200000,9100,true,0
80,baseline,0,201300,0,true,6705800
80,baseline,331700,200000,16100,true,0
81,baseline,0,201000,0,true,13753000
82,baseline,0,201200,0,true,4033900
81,baseline,687400,200000,18300,true,0
82,baseline,645200,200000,5200,true,0
83,baseline,0,201200,0,true,8292400
83,baseline,331000,200000,16200,true,0
84,baseline,0,200400,0,true,5872900
84,baseline,255500,200000,5600,true,0
85,baseline,0,201500,0,true,6491100
85,baseline,330400,200000,16300,true,0
86,baseline,0,201700,0,true,11813000
87,baseline,0,207100,0,true,2087000
86,baseline,550400,200000,10200,true,0
87,baseline,496200,200000,3700,true,0
88,baseline,0,201200,0,true,8104800
88,baseline,329700,200000,14100,true,0
89,baseline,0,201000,0,true,16882100
90,baseline,0,201300,0,true,7150100
89,baseline,548400,200000,14200,true,0
90,baseline,507800,200000,5400,true,0
91,baseline,0,200900,0,true,12461100
92,baseline,0,201100,0,true,2730400
91,baseline,549700,200000,16300,true,0
92,baseline,511000,200000,5600,true,0
93,baseline,0,201200,0,true,8207100
93,baseline,328000,200000,15800,true,0
94,baseline,0,201100,0,true,14704600
95,baseline,0,230000,0,true,4972300
94,baseline,603200,200000,15100,true,0
95,baseline,590100,200000,7000,true,0
96,baseline,0,200700,0,true,2718200
96,baseline,289000,200000,12000,true,0
97,baseline,0,200200,0,true,2322100
97,baseline,233700,200000,3900,true,0
98,baseline,0,200800,0,true,8796500
98,baseline,272400,200000,5200,true,0
99,baseline,0,200300,0,true,12206400
100,baseline,0,200300,0,true,2423700
99,baseline,450700,200000,5800,true,0
100,baseline,445000,200000,2300,true,0
101,baseline,0,200100,0,true,11588600
102,baseline,0,200000,0,true,1799900
101,baseline,419200,200000,2500,true,0
102,baseline,411300,200000,300,true,0
103,baseline,0,200100,0,true,6990700
103,baseline,219900,200000,2800,true,0
104,baseline,0,200000,0,true,13013500
105,baseline,0,200000,0,true,3218700
104,baseline,411100,200000,1300,true,0
105,baseline,408200,200000,400,true,0
106,baseline,0,200100,0,true,1856400
106,baseline,209500,200000,1100,true,0
107,baseline,0,200000,0,true,1664100
107,baseline,208700,200000,1200,true,0
108,baseline,0,200000,0,true,7816600
108,baseline,210800,200000,1200,true,0
109,baseline,0,201100,0,true,13383700
110,baseline,0,201000,0,true,3635200
109,baseline,524000,200000,12000,true,0
110,baseline,497200,200000,5500,true,0
111,baseline,0,200000,0,true,8836400
111,baseline,215100,200000,1400,true,0
112,baseline,0,200100,0,true,1697600
112,baseline,211000,200000,1300,true,0
113,baseline,0,200000,0,true,7962000
113,baseline,209400,200000,1300,true,0
114,baseline,0,213600,0,true,14057800
115,baseline,0,200000,0,true,4278600
114,baseline,429000,200000,1300,true,0
115,baseline,410200,200000,300,true,0
116,baseline,0,200100,0,true,9524100
116,baseline,209600,200000,1200,true,0
117,baseline,0,200200,0,true,17476400
118,baseline,0,200100,0,true,7683600
117,baseline,416400,200000,1700,true,0
118,baseline,412600,200000,700,true,0
119,baseline,0,200100,0,true,12610600
120,baseline,0,200000,0,true,2819100
119,baseline,416100,200000,1500,true,0
120,baseline,1567900,200000,2300,true,0
121,baseline,0,200300,0,true,7345600
121,baseline,237600,200000,3100,true,0
122,baseline,0,200100,0,true,5854800
122,baseline,228600,200000,3000,true,0
123,baseline,0,200100,0,true,6366900
123,baseline,229900,200000,2900,true,0
124,baseline,0,200200,0,true,12696200
125,baseline,0,200200,0,true,2911000
124,baseline,430300,200000,3100,true,0
125,baseline,420500,200000,800,true,0
126,baseline,0,201100,0,true,8443700
126,baseline,310200,200000,13600,true,0
127,baseline,0,200100,0,true,16668000
128,baseline,0,200100,0,true,6881500
127,baseline,429400,200000,3000,true,0
128,baseline,422000,200000,900,true,0
129,baseline,0,200100,0,true,5008800
129,baseline,224700,200000,3100,true,0
130,baseline,0,201200,0,true,3880200
130,baseline,306500,200000,13500,true,0
131,baseline,0,200700,0,true,8991700
131,baseline,304400,200000,13800,true,0
132,baseline,0,200100,0,true,16161300
133,baseline,0,200400,0,true,6379900
132,baseline,430400,200000,2600,true,0
133,baseline,416700,200000,600,true,0
134,baseline,0,200100,0,true,11812700
135,baseline,0,200000,0,true,2017200
134,baseline,410500,200000,1200,true,0
135,baseline,408100,200000,400,true,0
136,baseline,0,200100,0,true,9489900
136,baseline,269200,200000,1200,true,0
137,baseline,0,200200,0,true,14951800
138,baseline,0,200100,0,true,5156700
137,baseline,410800,200000,1300,true,0
138,baseline,408000,200000,400,true,0
139,baseline,0,200100,0,true,10832500
140,baseline,0,200000,0,true,1037200
139,baseline,411000,200000,1200,true,0
140,baseline,412900,200000,1600,true,0
141,baseline,0,200100,0,true,9446900
141,baseline,213300,200000,1200,true,0
142,baseline,0,200000,0,true,15283600
143,baseline,0,200100,0,true,5488900
142,baseline,411100,200000,1300,true,0
143,baseline,423300,200000,5400,true,0
144,baseline,0,200000,0,true,31406700
145,baseline,0,200100,0,true,21617600
146,baseline,0,200100,0,true,11819000
147,baseline,0,200100,0,true,2020200
144,baseline,822200,200000,2500,true,0
145,baseline,815200,200000,400,true,0
146,baseline,818700,200000,2900,true,0
147,baseline,825800,200000,2800,true,0
148,baseline,0,200200,0,true,3454000
148,baseline,211400,200000,1500,true,0
149,baseline,0,200000,0,true,11284400
150,baseline,0,200100,0,true,1489700
149,baseline,411000,200000,1200,true,0
150,baseline,407900,200000,400,true,0
151,baseline,0,200100,0,true,13371100
152,baseline,0,200000,0,true,3576100
151,baseline,410800,200000,1500,true,0
152,baseline,408000,200000,400,true,0
153,baseline,0,200000,0,true,8846000
153,baseline,209400,200000,1300,true,0
154,baseline,0,200100,0,true,12421700
155,baseline,0,200100,0,true,2627000
154,baseline,411400,200000,1300,true,0
155,baseline,408300,200000,400,true,0
156,baseline,0,200200,0,true,8389500
156,baseline,317200,200000,1300,true,0
157,baseline,0,200100,0,true,13985600
158,baseline,0,200000,0,true,4190500
157,baseline,410200,200000,1300,true,0
158,baseline,407400,200000,400,true,0
159,baseline,0,200800,0,true,9145700
159,baseline,262000,200000,9400,true,0
160,baseline,0,200100,0,true,2026800
160,baseline,210200,200000,1200,true,0
161,baseline,0,200000,0,true,7289400
161,baseline,209200,200000,1300,true,0
162,baseline,0,200300,0,true,12691100
163,baseline,0,200100,0,true,2898400
162,baseline,413700,200000,1300,true,0
163,baseline,408700,200000,400,true,0
164,baseline,0,200000,0,true,8477700
164,baseline,209500,200000,1300,true,0
165,baseline,0,200100,0,true,1754300
165,baseline,209000,200000,1300,true,0
166,baseline,0,230700,0,true,7933200
166,baseline,255800,200000,1700,true,0
167,baseline,0,200200,0,true,7486700
167,baseline,211500,200000,1300,true,0
168,baseline,0,200200,0,true,5148700
168,baseline,210700,200000,1300,true,0
169,baseline,0,225700,0,true,10357200
169,baseline,241000,200000,1600,true,0
170,baseline,0,200100,0,true,845700
170,baseline,210900,200000,1900,true,0
171,baseline,0,200100,0,true,5764000
171,baseline,210300,200000,1200,true,0
172,baseline,0,200200,0,true,13363500
173,baseline,0,200000,0,true,3568600
172,baseline,411000,200000,1400,true,0
173,baseline,408100,200000,400,true,0
174,baseline,0,200000,0,true,9237400
174,baseline,210400,200000,1300,true,0
175,baseline,0,200300,0,true,16470700
176,baseline,0,200000,0,true,6676400
175,baseline,411300,200000,1200,true,0
176,baseline,407900,200000,400,true,0
177,baseline,0,200400,0,true,9357200
177,baseline,218100,200000,1800,true,0
178,baseline,0,200000,0,true,4344100
178,baseline,228500,200000,1800,true,0
179,baseline,0,200100,0,true,9395600
179,baseline,208800,200000,1200,true,0
180,baseline,0,200200,0,true,908800
180,baseline,209100,200000,1200,true,0
181,baseline,0,200200,0,true,6985400
181,baseline,209700,200000,1300,true,0
182,baseline,0,200200,0,true,12516900
183,baseline,0,200000,0,true,2723000
182,baseline,411500,200000,1300,true,0
183,baseline,407700,200000,400,true,0
184,baseline,0,200100,0,true,8259900
184,baseline,209000,200000,1200,true,0
185,baseline,0,201200,0,true,14216700
186,baseline,0,201000,0,true,4467100
185,baseline,526100,200000,11800,true,0
186,baseline,504700,200000,6800,true,0
187,baseline,0,200100,0,true,14496500
188,baseline,0,200200,0,true,4703000
187,baseline,412700,200000,1400,true,0
188,baseline,408600,200000,400,true,0
189,baseline,0,201300,0,true,8801500
189,baseline,265600,200000,9500,true,0
190,baseline,0,200100,0,true,5625200
190,baseline,209800,200000,1600,true,0
191,baseline,0,200000,0,true,7035800
191,baseline,210700,200000,1200,true,0
192,baseline,0,200100,0,true,9562300
192,baseline,343800,200000,1800,true,0
193,baseline,0,200200,0,true,2342500
193,baseline,210700,200000,9200,true,0
194,baseline,0,200200,0,true,10735600
194,baseline,240300,200000,3100,true,0
195,baseline,0,200200,0,true,1250600
195,baseline,213200,200000,1600,true,0
196,baseline,0,204100,0,true,6641800
196,baseline,243300,200000,2300,true,0
197,baseline,0,200300,0,true,11828400
198,baseline,0,200200,0,true,2038200
197,baseline,421800,200000,2600,true,0
198,baseline,422100,200000,700,true,0
199,baseline,0,200600,0,true,9273400
199,baseline,259400,200000,7600,true,0
200,baseline,0,200900,0,true,16992400
201,baseline,0,200600,0,true,7232200
200,baseline,483900,200000,10500,true,0
201,baseline,462000,200000,3400,true,0
202,baseline,0,201000,0,true,1075800
202,baseline,319100,200000,14400,true,0
203,baseline,0,201400,0,true,2495900
203,baseline,342700,200000,14600,true,0
204,baseline,0,200200,0,true,10892500
205,baseline,0,200200,0,true,1103700
204,baseline,421600,200000,2900,true,0
205,baseline,414900,200000,700,true,0
206,baseline,0,200800,0,true,6569400
206,baseline,270300,200000,12300,true,0
207,baseline,0,202100,0,true,14323000
208,baseline,0,201500,0,true,4623000
207,baseline,579500,200000,12600,true,0
208,baseline,570200,200000,11800,true,0
209,baseline,0,200700,0,true,11225900
210,baseline,0,201100,0,true,1475000
209,baseline,504400,200000,11700,true,0
210,baseline,474600,200000,2700,true,0
211,baseline,0,201500,0,true,7371400
211,baseline,311400,200000,12500,true,0
212,baseline,0,201000,0,true,14053300
213,baseline,0,200900,0,true,4312900
212,baseline,519300,200000,11700,true,0
213,baseline,479500,200000,3000,true,0
214,baseline,0,201400,0,true,10027700
214,baseline,289100,200000,12100,true,0
215,baseline,0,201500,0,true,15961500
216,baseline,0,297500,0,true,6218200
215,baseline,709800,200000,14900,true,0
216,baseline,677900,200000,3100,true,0
217,baseline,0,200900,0,true,12518900
218,baseline,0,201000,0,true,2785500
217,baseline,545200,200000,15400,true,0
218,baseline,508000,200000,5200,true,0
219,baseline,0,201300,0,true,8333100
219,baseline,327700,200000,15400,true,0
220,baseline,0,416600,0,true,13966000
221,baseline,0,200300,0,true,4400600
220,baseline,655500,200000,2800,true,0
221,baseline,504600,200000,2400,true,0
222,baseline,0,210300,0,true,12755800
223,baseline,0,409700,0,true,3109500
222,baseline,859600,200000,13800,true,0
223,baseline,730900,200000,4500,true,0
224,baseline,0,249300,0,true,11192800
225,baseline,0,200700,0,true,1557200
224,baseline,622000,200000,11600,true,0
225,baseline,526100,200000,4200,true,0
226,baseline,0,202200,0,true,7025600
226,baseline,426000,200000,15900,true,0
227,baseline,0,201200,0,true,12421700
228,baseline,0,200900,0,true,2678200
227,baseline,515500,200000,14100,true,0
228,baseline,1022200,200000,20400,true,0
229,baseline,0,201600,0,true,8393000
229,baseline,321300,200000,15000,true,0
230,baseline,0,201100,0,true,14580400
231,baseline,0,337800,0,true,4833800
230,baseline,756700,200000,15600,true,0
231,baseline,733600,200000,5700,true,0
232,baseline,0,201000,0,true,9937800
232,baseline,326300,200000,15300,true,0
233,baseline,0,201200,0,true,784300
233,baseline,265800,200000,9200,true,0
234,baseline,0,201300,0,true,6862700
234,baseline,330400,200000,14300,true,0
235,baseline,0,201000,0,true,11568800
236,baseline,0,201300,0,true,1856800
235,baseline,557300,200000,11500,true,0
236,baseline,600900,200000,15000,true,0
237,baseline,0,279300,0,true,7240300
237,baseline,351500,200000,6300,true,0
238,baseline,0,201300,0,true,13578800
239,baseline,0,201200,0,true,3845500
238,baseline,544600,200000,14100,true,0
239,baseline,504500,200000,5200,true,0
240,baseline,0,201200,0,true,10282100
240,baseline,327600,200000,13700,true,0
241,baseline,0,317600,0,true,1154100
241,baseline,475400,200000,14500,true,0
242,baseline,0,201400,0,true,5660600
242,baseline,308600,200000,13700,true,0
243,baseline,0,200300,0,true,11647500
244,baseline,0,342500,0,true,1872800
243,baseline,623200,200000,5600,true,0
244,baseline,1830900,200000,4800,true,0
245,baseline,0,200400,0,true,7210600
245,baseline,246300,200000,4700,true,0
246,baseline,0,200400,0,true,13258700
247,baseline,0,200200,0,true,3483400
246,baseline,439300,200000,3100,true,0
247,baseline,419400,200000,600,true,0
248,baseline,0,200100,0,true,17838500
249,baseline,0,420200,0,true,8048900
248,baseline,736700,200000,2700,true,0
249,baseline,730700,200000,600,true,0
250,baseline,0,200000,0,true,12852900
251,baseline,0,200100,0,true,3060600
250,baseline,415200,200000,2000,true,0
251,baseline,410600,200000,300,true,0
252,baseline,0,200200,0,true,8579700
252,baseline,222000,200000,3100,true,0
253,baseline,0,201400,0,true,1230600
253,baseline,287400,200000,3200,true,0
254,baseline,0,200700,0,true,6670300
254,baseline,265800,200000,7500,true,0
255,baseline,0,277100,0,true,13112300
256,baseline,0,201100,0,true,3624300
255,baseline,797100,200000,14000,true,0
256,baseline,519800,200000,5000,true,0
257,baseline,0,201000,0,true,8802800
257,baseline,308900,200000,14300,true,0
258,baseline,0,201000,0,true,15739300
259,baseline,0,201000,0,true,5987900
258,baseline,496000,200000,11600,true,0
259,baseline,466700,200000,2800,true,0
260,baseline,0,201200,0,true,10716400
260,baseline,303900,200000,14400,true,0
261,baseline,0,200800,0,true,1464900
261,baseline,230500,200000,4600,true,0
262,baseline,0,264900,0,true,7188800
262,baseline,404900,200000,13800,true,0
263,baseline,0,200900,0,true,13146800
264,baseline,0,200800,0,true,3395800
263,baseline,500700,200000,11900,true,0
264,baseline,472000,200000,2900,true,0
265,baseline,0,201400,0,true,9572100
265,baseline,323700,200000,11900,true,0
266,baseline,0,201400,0,true,15069100
267,baseline,0,200800,0,true,5310300
266,baseline,491600,200000,10200,true,0
267,baseline,468200,200000,3200,true,0
268,baseline,0,201200,0,true,11138000
269,baseline,0,209300,0,true,1429700
268,baseline,621200,200000,14800,true,0
269,baseline,560300,200000,5800,true,0
270,baseline,0,234300,0,true,6897900
270,baseline,385200,200000,14700,true,0
271,baseline,0,200200,0,true,11156600
272,baseline,0,200100,0,true,1366100
271,baseline,418100,200000,2900,true,0
272,baseline,412900,200000,500,true,0
273,baseline,0,200200,0,true,7156500
273,baseline,230400,200000,3400,true,0
274,baseline,0,200600,0,true,6862900
274,baseline,249300,200000,12800,true,0
275,baseline,0,200200,0,true,11835100
276,baseline,0,200100,0,true,2047600
275,baseline,426000,200000,43300,true,0
276,baseline,459300,200000,1200,true,0
277,baseline,0,201100,0,true,7752500
277,baseline,370900,200000,10200,true,0
278,baseline,0,200400,0,true,15471000
279,baseline,0,200400,0,true,5705900
278,baseline,468800,200000,8400,true,0
279,baseline,447200,200000,1900,true,0
280,baseline,0,201200,0,true,11447100
281,baseline,0,200800,0,true,1695800
280,baseline,503400,200000,11800,true,0
281,baseline,474700,200000,2700,true,0
282,baseline,0,709200,0,true,7806300
282,baseline,922800,200000,16100,true,0
283,baseline,0,234200,0,true,13668200
284,baseline,0,200900,0,true,3947400
283,baseline,550000,200000,10500,true,0
284,baseline,488400,200000,2400,true,0
285,baseline,0,200800,0,true,10270600
285,baseline,288600,200000,11500,true,0
286,baseline,0,200700,0,true,948100
286,baseline,222700,200000,3100,true,0
287,baseline,0,201600,0,true,5707800
287,baseline,308800,200000,14100,true,0
288,baseline,0,201000,0,true,3240900
288,baseline,325100,200000,11400,true,0
289,baseline,0,201000,0,true,7223700
289,baseline,510200,200000,17700,true,0
290,baseline,0,1114900,0,true,12856900
291,baseline,0,255800,0,true,4103900
290,baseline,1615800,200000,15500,true,0
291,baseline,598600,200000,5400,true,0
292,baseline,0,313300,0,true,8426900
292,baseline,505100,200000,15600,true,0
293,baseline,0,201000,0,true,16005400
294,baseline,0,200900,0,true,6273700
293,baseline,559000,200000,15100,true,0
294,baseline,520300,200000,5700,true,0
295,baseline,0,201000,0,true,11324200
296,baseline,0,201100,0,true,1571800
295,baseline,500600,200000,11900,true,0
296,baseline,472900,200000,2700,true,0
297,baseline,0,201600,0,true,7671000
297,baseline,301100,200000,14300,true,0
298,baseline,0,201000,0,true,13552200
299,baseline,0,201000,0,true,3811900
298,baseline,535800,200000,13200,true,0
299,baseline,502800,200000,5800,true,0
300,baseline,0,201200,0,true,9714600
300,baseline,342100,200000,17400,true,0
301,baseline,0,202200,0,true,1853600
301,baseline,600600,200000,17200,true,0
302,baseline,0,201000,0,true,4709100
302,baseline,293300,200000,11900,true,0
303,baseline,0,201400,0,true,11368500
304,baseline,0,201300,0,true,1641800
303,baseline,566500,200000,15000,true,0
304,baseline,522000,200000,5300,true,0
305,baseline,0,201300,0,true,1584900
305,baseline,337900,200000,15500,true,0
306,baseline,0,200200,0,true,1698700
306,baseline,227600,200000,3300,true,0
307,baseline,0,201200,0,true,9974600
307,baseline,431000,200000,15200,true,0
308,baseline,0,201400,0,true,939400
308,baseline,264400,200000,8400,true,0
309,baseline,0,201400,0,true,3170500
309,baseline,328300,200000,15100,true,0
310,baseline,0,200900,0,true,11098300
311,baseline,0,200800,0,true,1346300
310,baseline,499600,200000,11600,true,0
311,baseline,470900,200000,2700,true,0
312,baseline,0,708200,0,true,7232200
312,baseline,935400,200000,15800,true,0
313,baseline,0,201500,0,true,13103400
314,baseline,0,201400,0,true,3360600
313,baseline,689800,200000,14500,true,0
314,baseline,657300,200000,3700,true,0
315,baseline,0,200900,0,true,9294000
315,baseline,285300,200000,12000,true,0
316,baseline,0,200000,0,true,14616000
317,baseline,0,200100,0,true,4827200
316,baseline,421300,200000,2100,true,0
317,baseline,425400,200000,2000,true,0
318,baseline,0,200200,0,true,10919900
319,baseline,0,200300,0,true,1140100
318,baseline,442300,200000,4400,true,0
319,baseline,429900,200000,1400,true,0
320,baseline,0,200800,0,true,7187000
320,baseline,268500,200000,8200,true,0
321,baseline,0,200800,0,true,14066700
322,baseline,0,200700,0,true,4355900
321,baseline,540500,200000,12400,true,0
322,baseline,471500,200000,3300,true,0
323,baseline,0,200500,0,true,8883400
323,baseline,244500,200000,5900,true,0
324,baseline,0,201000,0,true,15530000
325,baseline,0,200900,0,true,5797400
324,baseline,563200,200000,17800,true,0
325,baseline,528000,200000,5300,true,0
326,baseline,0,200500,0,true,14387700
327,baseline,0,200500,0,true,4642600
326,baseline,499300,200000,13000,true,0
327,baseline,463300,200000,1600,true,0
328,baseline,0,200200,0,true,9283000
328,baseline,223800,200000,3700,true,0
329,baseline,0,200300,0,true,4195400
329,baseline,215900,200000,1900,true,0
330,baseline,0,200600,0,true,9483900
330,baseline,323500,200000,17700,true,0
331,baseline,0,420200,0,true,15758100
332,baseline,0,200700,0,true,6239000
331,baseline,736500,200000,11900,true,0
332,baseline,476000,200000,3200,true,0
333,baseline,0,200800,0,true,11216500
334,baseline,0,247700,0,true,1466800
333,baseline,564500,200000,12400,true,0
334,baseline,534000,200000,2800,true,0
335,baseline,0,200800,0,true,10279900
335,baseline,276100,200000,8900,true,0
336,baseline,0,200500,0,true,901100
336,baseline,215300,200000,2000,true,0
337,baseline,0,201000,0,true,6695600
337,baseline,293100,200000,11800,true,0
338,baseline,0,200700,0,true,12666300
339,baseline,0,200500,0,true,2897600
338,baseline,462100,200000,7500,true,0
339,baseline,442800,200000,1400,true,0
340,baseline,0,200700,0,true,8541100
340,baseline,303600,200000,140100,true,0
341,baseline,0,500800,0,true,15123600
342,baseline,0,201300,0,true,5730700
341,baseline,914500,200000,15500,true,0
342,baseline,539400,200000,5300,true,0
343,baseline,0,200700,0,true,10168100
343,baseline,276300,200000,10500,true,0
344,baseline,0,200600,0,true,855300
344,baseline,216400,200000,2200,true,0
345,baseline,0,201200,0,true,6290200
345,baseline,300300,200000,12500,true,0
346,baseline,0,201400,0,true,13244300
347,baseline,0,201200,0,true,3511700
346,baseline,551700,200000,15800,true,0
347,baseline,514600,200000,5600,true,0
348,baseline,0,278400,0,true,9081300
348,baseline,420300,200000,15200,true,0
349,baseline,0,200700,0,true,14906500
350,baseline,0,200800,0,true,5142300
349,baseline,469900,200000,8700,true,0
350,baseline,447800,200000,1900,true,0
351,baseline,0,200600,0,true,11633500
352,baseline,0,200800,0,true,1875100
351,baseline,486800,200000,10300,true,0
352,baseline,463500,200000,2600,true,0
353,baseline,0,265400,0,true,7107900
353,baseline,442700,200000,13400,true,0
354,baseline,0,200300,0,true,11932600
355,baseline,0,200100,0,true,2153600
354,baseline,441000,200000,5400,true,0
355,baseline,430100,200000,1100,true,0
356,baseline,0,200200,0,true,9725400
356,baseline,232400,200000,2900,true,0
357,baseline,0,200200,0,true,14117000
358,baseline,0,200200,0,true,4330700
357,baseline,429000,200000,2900,true,0
358,baseline,420500,200000,700,true,0
359,baseline,0,200100,0,true,1932600
359,baseline,223900,200000,2600,true,0
360,baseline,0,200100,0,true,7579200
360,baseline,226900,200000,3400,true,0
361,baseline,0,200100,0,true,15829100
362,baseline,0,200100,0,true,6041700
361,baseline,425400,200000,2800,true,0
362,baseline,417500,200000,700,true,0
363,baseline,0,201300,0,true,12056800
364,baseline,0,201200,0,true,2331000
363,baseline,562100,200000,16400,true,0
364,baseline,518100,200000,5900,true,0
365,baseline,0,201000,0,true,8400400
365,baseline,330800,200000,15900,true,0
366,baseline,0,201100,0,true,14273100
367,baseline,0,201200,0,true,4638100
366,baseline,652700,200000,15200,true,0
367,baseline,516200,200000,5400,true,0
368,baseline,0,241100,0,true,10324700
368,baseline,1680900,200000,13900,true,0
369,baseline,0,201500,0,true,2574200
369,baseline,269300,200000,8500,true,0
370,baseline,0,200400,0,true,6305300
370,baseline,275400,200000,9000,true,0
371,baseline,0,201000,0,true,13640900
372,baseline,0,201000,0,true,3998900
371,baseline,633500,200000,12100,true,0
372,baseline,498600,200000,4400,true,0
373,baseline,0,201300,0,true,8296800
373,baseline,308600,200000,13900,true,0
374,baseline,0,200900,0,true,14952600
375,baseline,0,201100,0,true,5210400
374,baseline,929400,200000,10400,true,0
375,baseline,893200,200000,3600,true,0
376,baseline,0,200400,0,true,9750800
376,baseline,243800,200000,4000,true,0
377,baseline,0,201600,0,true,16506900
378,baseline,0,201200,0,true,6762700
377,baseline,520600,200000,14000,true,0
378,baseline,491900,200000,3300,true,0
379,baseline,0,201000,0,true,12152100
380,baseline,0,200900,0,true,2401200
379,baseline,505300,200000,11800,true,0
380,baseline,476200,200000,2600,true,0
381,baseline,0,372500,0,true,8266200
381,baseline,514800,200000,11700,true,0
382,baseline,0,201200,0,true,14585300
383,baseline,0,200900,0,true,4853200
382,baseline,550500,200000,15900,true,0
383,baseline,512200,200000,5400,true,0
384,baseline,0,201500,0,true,10912600
385,baseline,0,201100,0,true,1184300
384,baseline,553400,200000,14900,true,0
385,baseline,515700,200000,5600,true,0
386,baseline,0,200900,0,true,7164200
386,baseline,301700,200000,14000,true,0
387,baseline,0,200700,0,true,13411300
388,baseline,0,201100,0,true,3659200
387,baseline,503300,200000,11800,true,0
388,baseline,474700,200000,2900,true,0
389,baseline,0,200900,0,true,9784700
389,baseline,325900,200000,15700,true,0
390,baseline,0,201600,0,true,15557300
391,baseline,0,201400,0,true,5814600
390,baseline,519300,200000,13900,true,0
391,baseline,485800,200000,3400,true,0
392,baseline,0,201100,0,true,11043500
393,baseline,0,201600,0,true,1300000
392,baseline,538900,200000,14100,true,0
393,baseline,506400,200000,3400,true,0
394,baseline,0,201000,0,true,7070300
394,baseline,328500,200000,15100,true,0
395,baseline,0,200800,0,true,13041800
396,baseline,0,200800,0,true,3294500
395,baseline,506000,200000,11900,true,0
396,baseline,474700,200000,3600,true,0
397,baseline,0,201600,0,true,9125800
397,baseline,367600,200000,15600,true,0
398,baseline,0,201100,0,true,15547100
399,baseline,0,200900,0,true,5814500
398,baseline,550300,200000,15600,true,0
399,baseline,510900,200000,5200,true,0
400,baseline,0,200900,0,true,11905400
401,baseline,0,201200,0,true,3525900
400,baseline,1949800,200000,16800,true,0
401,baseline,561900,200000,6600,true,0
402,baseline,0,201500,0,true,4717500
402,baseline,327200,200000,14600,true,0
403,baseline,0,200900,0,true,9299700
403,baseline,450300,200000,21900,true,0
404,baseline,0,201400,0,true,1199100
404,baseline,312900,200000,14200,true,0
405,baseline,0,201000,0,true,16413600
406,baseline,0,201100,0,true,6663500
405,baseline,505600,200000,11600,true,0
406,baseline,483400,200000,3900,true,0
407,baseline,0,202200,0,true,13160000
408,baseline,0,200700,0,true,3440500
407,baseline,1010500,200000,126000,true,0
408,baseline,1087300,200000,7200,true,0
409,baseline,0,200200,0,true,3109600
409,baseline,222800,200000,3400,true,0
410,baseline,0,200500,0,true,9390100
410,baseline,252700,200000,6300,true,0
411,baseline,0,201000,0,true,15271500
412,baseline,0,200800,0,true,5536400
411,baseline,547400,200000,15200,true,0
412,baseline,510900,200000,5200,true,0
413,baseline,0,201400,0,true,10757100
413,baseline,302000,200000,14500,true,0
414,baseline,0,201200,0,true,1480000
414,baseline,228200,200000,4200,true,0
415,baseline,0,201200,0,true,6186400
415,baseline,293500,200000,11800,true,0
416,baseline,0,201400,0,true,12138700
417,baseline,0,201400,0,true,2397900
416,baseline,524600,200000,13800,true,0
417,baseline,493400,200000,3300,true,0
418,baseline,0,201500,0,true,8142600
418,baseline,313800,200000,14200,true,0
419,baseline,0,201800,0,true,13986200
420,baseline,0,201400,0,true,4243000
419,baseline,523200,200000,14100,true,0
420,baseline,490200,200000,3700,true,0
421,baseline,0,260500,0,true,10375400
421,baseline,414600,200000,15200,true,0
422,baseline,0,201000,0,true,1605700
422,baseline,290500,200000,12700,true,0
423,baseline,0,200800,0,true,5494000
423,baseline,316900,200000,13600,true,0
424,baseline,0,200100,0,true,2185400
424,baseline,229500,200000,2800,true,0
425,baseline,0,200300,0,true,5155900
425,baseline,227800,200000,3400,true,0
426,baseline,0,200600,0,true,11531700
427,baseline,0,200800,0,true,1780100
426,baseline,502700,200000,12000,true,0
427,baseline,473900,200000,2700,true,0
428,baseline,0,200900,0,true,7118700
428,baseline,284600,200000,11800,true,0
429,baseline,0,200900,0,true,14965200
430,baseline,0,200600,0,true,5201700
429,baseline,470300,200000,8500,true,0
430,baseline,448600,200000,2500,true,0
431,baseline,0,201000,0,true,11284400
432,baseline,0,201000,0,true,1532900
431,baseline,499700,200000,12000,true,0
432,baseline,471000,200000,2900,true,0
433,baseline,0,200900,0,true,7245900
433,baseline,289400,200000,12000,true,0
434,baseline,0,201400,0,true,13061700
435,baseline,0,200800,0,true,3309700
434,baseline,497400,200000,11800,true,0
435,baseline,469400,200000,3100,true,0
436,baseline,0,201200,0,true,9134100
436,baseline,288700,200000,11600,true,0
437,baseline,0,200900,0,true,14924800
438,baseline,0,200800,0,true,5174100
437,baseline,498500,200000,11700,true,0
438,baseline,469400,200000,2900,true,0
439,baseline,0,201300,0,true,11616900
440,baseline,0,200900,0,true,1884000
439,baseline,548900,200000,15800,true,0
440,baseline,510800,200000,5400,true,0
441,baseline,0,201000,0,true,7282800
441,baseline,287700,200000,11700,true,0
442,baseline,0,200900,0,true,13901600
443,baseline,0,201000,0,true,4147500
442,baseline,494400,200000,11800,true,0
443,baseline,468000,200000,3100,true,0
444,baseline,0,200900,0,true,9489300
444,baseline,284000,200000,12200,true,0
445,baseline,0,201500,0,true,16317100
446,baseline,0,200900,0,true,6573900
445,baseline,516600,200000,13900,true,0
446,baseline,771100,200000,16300,true,0
447,baseline,0,201100,0,true,11642700
448,baseline,0,200700,0,true,1890900
447,baseline,499800,200000,11800,true,0
448,baseline,472700,200000,2900,true,0
449,baseline,0,200400,0,true,7261600
449,baseline,230100,200000,4000,true,0
450,baseline,0,200300,0,true,2486100
450,baseline,239500,200000,2500,true,0
451,baseline,0,200600,0,true,10489000
451,baseline,266200,200000,6100,true,0
452,baseline,0,200500,0,true,1079700
452,baseline,223000,200000,3100,true,0
453,baseline,0,251200,0,true,6150600
453,baseline,355700,200000,12100,true,0
454,baseline,0,201400,0,true,14441200
455,baseline,0,201300,0,true,4769100
454,baseline,616800,200000,15800,true,0
455,baseline,518000,200000,5000,true,0
456,baseline,0,201300,0,true,10977300
457,baseline,0,200900,0,true,1226400
456,baseline,498600,200000,11900,true,0
457,baseline,469700,200000,2900,true,0
458,baseline,0,213000,0,true,7150200
458,baseline,1014900,200000,15800,true,0
459,baseline,0,201400,0,true,14090300
460,baseline,0,201500,0,true,4361800
459,baseline,562000,200000,15300,true,0
460,baseline,519800,200000,5800,true,0
461,baseline,0,201400,0,true,9263100
461,baseline,329200,200000,17900,true,0
462,baseline,0,201000,0,true,18215600
463,baseline,0,201100,0,true,8480300
462,baseline,545700,200000,15500,true,0
463,baseline,510500,200000,6300,true,0
464,baseline,0,381000,0,true,11814900
464,baseline,573200,200000,18100,true,0
465,baseline,0,201500,0,true,2999900
465,baseline,375800,200000,12500,true,0
466,baseline,0,200000,0,true,5405600
466,baseline,225800,200000,2000,true,0
467,baseline,0,263100,0,true,3470100
467,baseline,493400,200000,14900,true,0
468,baseline,0,296500,0,true,6321100
468,baseline,458200,200000,15800,true,0
469,baseline,0,200800,0,true,11315200
470,baseline,0,200800,0,true,1550900
469,baseline,485100,200000,7900,true,0
470,baseline,467400,200000,4000,true,0
471,baseline,0,200700,0,true,6697200
471,baseline,246600,200000,5600,true,0
472,baseline,0,200200,0,true,15041900
473,baseline,0,200700,0,true,5262400
472,baseline,490400,200000,8900,true,0
473,baseline,485800,200000,2100,true,0
474,baseline,0,200000,0,true,12331700
475,baseline,0,268100,0,true,2543600
474,baseline,517500,200000,2900,true,0
475,baseline,510200,200000,700,true,0
476,baseline,0,200000,0,true,7797500
476,baseline,217200,200000,2500,true,0
477,baseline,0,200100,0,true,13188100
478,baseline,0,200000,0,true,3396600
477,baseline,415500,200000,2000,true,0
478,baseline,410100,200000,400,true,0
479,baseline,0,200200,0,true,14977300
480,baseline,0,200200,0,true,5184100
479,baseline,414800,200000,1600,true,0
480,baseline,410900,200000,500,true,0
481,baseline,0,200100,0,true,8690300
481,baseline,209000,200000,1200,true,0
482,baseline,0,201200,0,true,14410200
483,baseline,0,200000,0,true,4621100
482,baseline,418500,200000,1200,true,0
483,baseline,600000,200000,13500,true,0
484,baseline,0,200100,0,true,10486000
484,baseline,210000,200000,1200,true,0
485,baseline,0,200100,0,true,917800
485,baseline,202700,200000,400,true,0
486,baseline,0,200100,0,true,6162700
486,baseline,209400,200000,1200,true,0
487,baseline,0,279300,0,true,14015100
488,baseline,0,201300,0,true,4383900
487,baseline,663400,200000,14700,true,0
488,baseline,529700,200000,8300,true,0
489,baseline,0,200100,0,true,11337200
490,baseline,0,200100,0,true,1542900
489,baseline,411900,200000,1400,true,0
490,baseline,408700,200000,300,true,0
491,baseline,0,200100,0,true,7406000
491,baseline,210800,200000,1300,true,0
492,baseline,0,200200,0,true,13077900
493,baseline,0,200100,0,true,3283600
492,baseline,413300,200000,1200,true,0
493,baseline,409800,200000,400,true,0
494,baseline,0,200200,0,true,9732500
494,baseline,210100,200000,1200,true,0
495,baseline,0,200100,0,true,1287600
495,baseline,209100,200000,1300,true,0
496,baseline,0,200100,0,true,6915200
496,baseline,211700,200000,1300,true,0
497,baseline,0,200100,0,true,14338700
498,baseline,0,200100,0,true,4544800
497,baseline,411500,200000,1300,true,0
498,baseline,407600,200000,300,true,0
499,baseline,0,200200,0,true,2770700
499,baseline,216700,200000,1300,true,0
500,baseline,0,200100,0,true,8052100
500,baseline,210000,200000,1300,true,0
501,baseline,0,200800,0,true,14759600
502,baseline,0,201100,0,true,5012900
501,baseline,533500,200000,12300,true,0
502,baseline,505900,200000,6300,true,0
503,baseline,0,200300,0,true,3962600
503,baseline,275200,200000,2800,true,0
504,baseline,0,200900,0,true,9024800
504,baseline,272600,200000,10000,true,0
505,baseline,0,200300,0,true,14457900
506,baseline,0,200100,0,true,4663600
505,baseline,411300,200000,1200,true,0
506,baseline,407600,200000,300,true,0
507,baseline,0,200000,0,true,10536400
507,baseline,209900,200000,1300,true,0
508,baseline,0,200000,0,true,968200
508,baseline,203000,200000,400,true,0
509,baseline,0,200100,0,true,8779800
509,baseline,209600,200000,1200,true,0
510,baseline,0,200100,0,true,16940000
511,baseline,0,200000,0,true,7147000
510,baseline,413600,200000,1300,true,0
511,baseline,409200,200000,400,true,0
512,baseline,0,200200,0,true,10064400
512,baseline,209300,200000,1100,true,0
513,baseline,0,200100,0,true,3450400
513,baseline,209200,200000,1100,true,0
514,baseline,0,200200,0,true,9967300
514,baseline,210100,200000,1200,true,0
515,baseline,0,200200,0,true,15605700
516,baseline,0,200200,0,true,5810600
515,baseline,410400,200000,1200,true,0
516,baseline,407700,200000,300,true,0
517,baseline,0,200100,0,true,10671700
517,baseline,209000,200000,1300,true,0
518,baseline,0,200100,0,true,1114000
518,baseline,202900,200000,500,true,0
519,baseline,0,200100,0,true,5688500
519,baseline,211500,200000,1400,true,0
520,baseline,0,200100,0,true,4945300
520,baseline,250000,200000,2300,true,0
521,baseline,0,200000,0,true,10117200
521,baseline,212300,200000,2000,true,0
522,baseline,0,200200,0,true,1756400
522,baseline,216000,200000,1700,true,0
523,baseline,0,200200,0,true,7221900
523,baseline,216500,200000,2100,true,0
524,baseline,0,200600,0,true,12357500
525,baseline,0,200300,0,true,2575700
524,baseline,440400,200000,4200,true,0
525,baseline,429400,200000,1200,true,0
526,baseline,0,201100,0,true,23699200
527,baseline,0,281600,0,true,13959600
528,baseline,0,201500,0,true,4272000
526,baseline,855500,200000,14300,true,0
527,baseline,823100,200000,5500,true,0
528,baseline,725800,200000,5600,true,0
529,baseline,0,201300,0,true,10303800
529,baseline,312200,200000,13300,true,0
530,baseline,0,202000,0,true,1106400
530,baseline,279200,200000,8100,true,0
531,baseline,0,201000,0,true,6075300
531,baseline,325000,200000,15600,true,0
532,baseline,0,274400,0,true,12021500
533,baseline,0,201200,0,true,2439500
532,baseline,706800,200000,13600,true,0
533,baseline,596700,200000,5600,true,0
534,baseline,0,288400,0,true,8450600
534,baseline,389500,200000,11500,true,0
535,baseline,0,200700,0,true,5548700
535,baseline,256300,200000,7000,true,0
536,baseline,0,200200,0,true,1682400
536,baseline,235000,200000,5500,true,0
537,baseline,0,200500,0,true,9297700
537,baseline,253700,200000,6700,true,0
538,baseline,0,201200,0,true,3726700
538,baseline,294200,200000,11600,true,0
539,baseline,0,421200,0,true,8974200
539,baseline,564800,200000,12200,true,0
540,baseline,0,201100,0,true,16269200
541,baseline,0,201400,0,true,6536500
540,baseline,549100,200000,15500,true,0
541,baseline,510600,200000,5400,true,0
542,baseline,0,491100,0,true,12441900
543,baseline,0,201300,0,true,3045800
542,baseline,908300,200000,15300,true,0
543,baseline,537300,200000,6700,true,0
544,baseline,0,200900,0,true,9229400
544,baseline,289400,200000,11800,true,0
545,baseline,0,201300,0,true,14328200
546,baseline,0,201200,0,true,4596100
545,baseline,548700,200000,14800,true,0
546,baseline,509400,200000,5500,true,0
547,baseline,0,279400,0,true,11040800
548,baseline,0,201100,0,true,1392500
547,baseline,637400,200000,15200,true,0
548,baseline,514400,200000,5300,true,0
549,baseline,0,201400,0,true,6035200
549,baseline,311200,200000,14500,true,0
550,baseline,0,200700,0,true,12413200
551,baseline,0,201200,0,true,2661000
550,baseline,515500,200000,10900,true,0
551,baseline,488700,200000,21300,true,0
552,baseline,0,200500,0,true,7648100
552,baseline,249800,200000,6500,true,0
553,baseline,0,201100,0,true,13592800
554,baseline,0,200600,0,true,3862400
553,baseline,511100,200000,7400,true,0
554,baseline,519900,200000,3600,true,0
555,baseline,0,200200,0,true,898200
555,baseline,222500,200000,2900,true,0
556,baseline,0,200200,0,true,9052300
556,baseline,232200,200000,4200,true,0
557,baseline,0,200700,0,true,14381800
558,baseline,0,200600,0,true,4617700
557,baseline,474300,200000,8800,true,0
558,baseline,452300,200000,1700,true,0
559,baseline,0,200800,0,true,10218500
559,baseline,289300,200000,12000,true,0
560,baseline,0,201200,0,true,1244200
560,baseline,288200,200000,13400,true,0
561,baseline,0,230100,0,true,5069100
561,baseline,423600,200000,15300,true,0
562,baseline,0,201200,0,true,12465800
563,baseline,0,200900,0,true,2734500
562,baseline,546400,200000,14800,true,0
563,baseline,584000,200000,7100,true,0
564,baseline,0,201100,0,true,7385200
564,baseline,290000,200000,12000,true,0
565,baseline,0,201300,0,true,13148200
566,baseline,0,200900,0,true,3395500
565,baseline,499700,200000,11700,true,0
566,baseline,472400,200000,2900,true,0
567,baseline,0,201400,0,true,9339100
567,baseline,325600,200000,14400,true,0
568,baseline,0,201000,0,true,14895800
569,baseline,0,200500,0,true,5133600
568,baseline,483900,200000,7600,true,0
569,baseline,461600,200000,3400,true,0
570,baseline,0,200600,0,true,2228800
570,baseline,258200,200000,6700,true,0
571,baseline,0,221400,0,true,2017000
571,baseline,346100,200000,4600,true,0
572,baseline,0,200900,0,true,8133200
572,baseline,281600,200000,10700,false,1606800
573,baseline,0,201100,0,true,2430000
573,baseline,288100,200000,13900,true,0
574,baseline,0,201200,0,true,3814600
574,baseline,294500,200000,12000,true,0
575,baseline,0,201200,0,true,13607600
576,baseline,0,294400,0,true,3857100
575,baseline,680700,200000,12100,true,0
576,baseline,653000,200000,2600,true,0
577,baseline,0,201200,0,true,9655900
577,baseline,290600,200000,11800,true,0
578,baseline,0,200600,0,true,15091200
579,baseline,0,250700,0,true,5323900
578,baseline,620600,200000,11000,true,0
579,baseline,606400,200000,3200,true,0
580,baseline,0,200400,0,true,11090400
581,baseline,0,200200,0,true,1309900
580,baseline,439600,200000,4400,true,0
581,baseline,427000,200000,900,true,0
582,baseline,0,217700,0,true,7832200
582,baseline,368300,200000,15800,true,0
583,baseline,0,201000,0,true,13717800
584,baseline,0,201200,0,true,4000300
583,baseline,571100,200000,13800,true,0
584,baseline,512200,200000,3600,true,0
585,baseline,0,201100,0,true,9443600
585,baseline,287000,200000,11800,true,0
586,baseline,0,201000,0,true,1540100
586,baseline,304700,200000,13200,true,0
587,baseline,0,200500,0,true,3332000
587,baseline,246100,200000,7600,true,0
588,baseline,0,200600,0,true,17457000
589,baseline,0,200500,0,true,7685400
588,baseline,455200,200000,6000,true,0
589,baseline,642200,200000,6300,true,0
590,baseline,0,201200,0,true,13006600
591,baseline,0,201100,0,true,3255900
590,baseline,505900,200000,12100,true,0
591,baseline,476400,200000,2800,true,0
592,baseline,0,201200,0,true,8556700
592,baseline,291100,200000,11800,true,0
593,baseline,0,201200,0,true,845900
593,baseline,311200,200000,14200,true,0
594,baseline,0,201500,0,true,7708400
594,baseline,310600,200000,14200,true,0
595,baseline,0,280400,0,true,14145500
596,baseline,0,201100,0,true,4725600
595,baseline,897600,200000,15200,true,0
596,baseline,604700,200000,16000,true,0
597,baseline,0,201500,0,true,9653600
597,baseline,303500,200000,14000,true,0
598,baseline,0,200900,0,true,15488100
599,baseline,0,200800,0,true,5735500
598,baseline,502900,200000,11900,true,0
599,baseline,475600,200000,3100,true,0
600,baseline,0,200100,0,true,3693300
600,baseline,257000,200000,2000,true,0
601,baseline,0,201100,0,true,4580100
601,baseline,383400,200000,15100,true,0
602,baseline,0,1723700,0,true,8505300
602,baseline,1963700,200000,17300,true,0
603,baseline,0,201600,0,true,1118200
603,baseline,305800,200000,12400,true,0
604,baseline,0,507500,0,true,5022300
604,baseline,999600,200000,20100,true,0
605,baseline,0,200200,0,true,12823400
606,baseline,0,200700,0,true,3058400
605,baseline,513100,200000,13300,true,0
606,baseline,505100,200000,5500,true,0
607,baseline,0,200900,0,true,9744100
607,baseline,323500,200000,15500,true,0
608,baseline,0,200700,0,true,788100
608,baseline,264000,200000,9000,true,0
609,baseline,0,200900,0,true,4335800
609,baseline,346400,200000,16400,true,0
610,baseline,0,200200,0,true,5332900
610,baseline,232800,200000,3500,true,0
611,baseline,0,200400,0,true,11015400
612,baseline,0,200500,0,true,1254700
611,baseline,480100,200000,8300,true,0
612,baseline,456300,200000,2900,true,0
613,baseline,0,201300,0,true,6551600
613,baseline,303100,200000,12300,true,0
614,baseline,0,201100,0,true,20340700
615,baseline,0,200900,0,true,10590700
614,baseline,499000,200000,11700,true,0
615,baseline,570200,200000,4400,true,0
616,baseline,0,200800,0,true,1551400
616,baseline,223500,200000,2800,true,0
617,baseline,0,201000,0,true,8875500
617,baseline,292400,200000,12000,true,0
618,baseline,0,201300,0,true,15496800
619,baseline,0,201200,0,true,5778800
618,baseline,1125700,200000,11800,true,0
619,baseline,1125500,200000,11500,true,0
620,baseline,0,204900,0,true,12442000
621,baseline,0,200200,0,true,2684300
620,baseline,483700,200000,7900,true,0
621,baseline,454900,200000,226400,true,0
622,baseline,0,200700,0,true,8812300
622,baseline,262200,200000,8700,true,0
623,baseline,0,201100,0,true,14726700
624,baseline,0,200600,0,true,4989100
623,baseline,517900,200000,11500,true,0
624,baseline,474800,200000,2700,true,0
625,baseline,0,200900,0,true,11671200
626,baseline,0,201300,0,true,1926800
625,baseline,519800,200000,14000,true,0
626,baseline,487700,200000,3300,true,0
627,baseline,0,201300,0,true,8340600
627,baseline,285600,200000,12700,true,0
628,baseline,0,222200,0,true,15117000
629,baseline,0,201100,0,true,5463200
628,baseline,623000,200000,11800,true,0
629,baseline,496500,200000,2900,true,0
630,baseline,0,201400,0,true,10745700
630,baseline,295500,200000,11900,true,0
631,baseline,0,200700,0,true,1432800
631,baseline,220800,200000,3400,true,0
632,baseline,0,201200,0,true,7055100
632,baseline,321900,200000,15500,true,0
633,baseline,0,201600,0,true,12430000
634,baseline,0,201000,0,true,2685700
633,baseline,520900,200000,14300,true,0
634,baseline,489300,200000,3900,true,0
635,baseline,0,201400,0,true,8764700
635,baseline,286600,200000,11600,true,0
636,baseline,0,201000,0,true,14983900
637,baseline,0,200900,0,true,5249400
636,baseline,551500,200000,14800,true,0
637,baseline,515000,200000,5500,true,0
638,baseline,0,200800,0,true,9985500
638,baseline,320900,200000,14000,true,0
639,baseline,0,201200,0,true,815600
639,baseline,261600,200000,7000,true,0
640,baseline,0,200600,0,true,14319900
641,baseline,0,200300,0,true,4548100
640,baseline,454800,200000,5700,true,0
641,baseline,589100,200000,14400,true,0
642,baseline,0,201000,0,true,9205400
642,baseline,290500,200000,11900,true,0
643,baseline,0,200900,0,true,15214900
644,baseline,0,200800,0,true,5470200
643,baseline,502200,200000,11500,true,0
644,baseline,466100,200000,2800,true,0
645,baseline,0,201500,0,true,11052600
646,baseline,0,685600,0,true,1309300
645,baseline,1100000,200000,15500,true,0
646,baseline,1073500,200000,5500,true,0
647,baseline,0,201400,0,true,6820000
647,baseline,309500,200000,14200,true,0
648,baseline,0,201200,0,true,12230000
649,baseline,0,240200,0,true,2480600
648,baseline,552900,200000,12000,true,0
649,baseline,522600,200000,3000,true,0
650,baseline,0,201200,0,true,9316800
650,baseline,324500,200000,15300,true,0
651,baseline,0,200500,0,true,14432500
652,baseline,0,200300,0,true,4657500
651,baseline,455700,200000,7000,true,0
652,baseline,441800,200000,1400,true,0
653,baseline,0,200300,0,true,1194100
653,baseline,222100,200000,2500,true,0
654,baseline,0,200400,0,true,6880800
654,baseline,247300,200000,6000,true,0
655,baseline,0,200400,0,true,10436100
655,baseline,239700,200000,5700,true,0
656,baseline,0,200300,0,true,958700
656,baseline,208700,200000,1400,true,0
657,baseline,0,201300,0,true,6415200
657,baseline,288200,200000,124400,true,0
658,baseline,0,201100,0,true,14132700
659,baseline,0,201200,0,true,4401200
658,baseline,562400,200000,15500,true,0
659,baseline,816300,200000,13800,true,0
660,baseline,0,200900,0,true,9484900
660,baseline,267900,200000,9200,true,0
661,baseline,0,255300,0,true,15375000
662,baseline,0,201400,0,true,5868100
661,baseline,801600,200000,14900,true,0
662,baseline,537300,200000,5100,true,0
663,baseline,0,200900,0,true,11327700
664,baseline,0,201000,0,true,1595600
663,baseline,544000,200000,15200,true,0
664,baseline,504700,200000,5600,true,0
665,baseline,0,200900,0,true,7339200
665,baseline,326400,200000,15200,true,0
666,baseline,0,201100,0,true,12581500
667,baseline,0,201200,0,true,2845300
666,baseline,543200,200000,13900,true,0
667,baseline,507600,200000,5400,true,0
668,baseline,0,201400,0,true,8671900
668,baseline,314200,200000,14300,true,0
669,baseline,0,400800,0,true,14656100
670,baseline,0,357700,0,true,5130100
669,baseline,990000,200000,14600,true,0
670,baseline,740900,200000,3300,true,0
671,baseline,0,201200,0,true,9970200
671,baseline,271000,200000,9700,true,0
672,baseline,0,201100,0,true,999300
672,baseline,299000,200000,17300,true,0
673,baseline,0,201300,0,true,6027900
673,baseline,310100,200000,14500,true,0
674,baseline,0,201100,0,true,12545000
675,baseline,0,200800,0,true,2801600
674,baseline,509300,200000,11800,true,0
675,baseline,472900,200000,2900,true,0
676,baseline,0,201500,0,true,8312600
676,baseline,301800,200000,14300,true,0
677,baseline,0,200900,0,true,14534500
678,baseline,0,201000,0,true,4802100
677,baseline,545000,200000,15000,true,0
678,baseline,507300,200000,5000,true,0
679,baseline,0,201200,0,true,10192100
679,baseline,309700,200000,14100,true,0
680,baseline,0,201500,0,true,934900
680,baseline,227800,200000,3900,true,0
681,baseline,0,202100,0,true,6731500
681,baseline,304800,200000,15000,true,0
682,baseline,0,201800,0,true,12743500
683,baseline,0,201000,0,true,3038000
682,baseline,589100,200000,14800,true,0
683,baseline,524300,200000,7200,true,0
684,baseline,0,201100,0,true,9241700
684,baseline,338300,200000,15400,true,0
685,baseline,0,201700,0,true,14709200
686,baseline,0,201100,0,true,4966600
685,baseline,508500,200000,11900,true,0
686,baseline,472300,200000,2800,true,0
687,baseline,0,632700,0,true,11280800
688,baseline,0,201500,0,true,2042200
687,baseline,1076000,200000,16400,true,0
688,baseline,548200,200000,10400,true,0
689,baseline,0,201600,0,true,6730700
689,baseline,331100,200000,17300,true,0
690,baseline,0,200600,0,true,13570100
691,baseline,0,200500,0,true,3806100
690,baseline,475200,200000,5200,true,0
691,baseline,449300,200000,1800,true,0
692,baseline,0,201300,0,true,9139500
692,baseline,338700,200000,14600,true,0
693,baseline,0,201400,0,true,14820800
694,baseline,0,201000,0,true,5141100
693,baseline,597400,200000,13900,true,0
694,baseline,505200,200000,5500,true,0
695,baseline,0,201500,0,true,10749800
695,baseline,304800,200000,9700,true,0
696,baseline,0,200700,0,true,1497400
696,baseline,253600,200000,7500,true,0
697,baseline,0,200100,0,true,6526700
697,baseline,214900,200000,1700,true,0
698,baseline,0,200100,0,true,2746000
698,baseline,278500,200000,2200,true,0
699,baseline,0,207500,0,true,16494100
700,baseline,0,200200,0,true,6724800
699,baseline,443800,200000,2600,true,0
700,baseline,417200,200000,500,true,0
701,baseline,0,200000,0,true,11643200
702,baseline,0,201700,0,true,1851400
701,baseline,418600,200000,1800,true,0
702,baseline,414000,200000,400,true,0
703,baseline,0,488000,0,true,7224000
703,baseline,649900,200000,14100,true,0
704,baseline,0,200100,0,true,16264400
705,baseline,0,200000,0,true,6479700
704,baseline,429900,200000,3200,true,0
705,baseline,420600,200000,500,true,0
706,baseline,0,200300,0,true,12218100
707,baseline,0,200300,0,true,2433000
706,baseline,433100,200000,3700,true,0
707,baseline,424500,200000,900,true,0
708,baseline,0,275600,0,true,9390000
708,baseline,399300,200000,14300,true,0
709,baseline,0,201200,0,true,1327500
709,baseline,291300,200000,13600,true,0
710,baseline,0,213600,0,true,2321000
710,baseline,263400,200000,3500,true,0
711,baseline,0,200200,0,true,8418200
711,baseline,231700,200000,3800,true,0
712,baseline,0,200500,0,true,13942700
713,baseline,0,200200,0,true,4167100
712,baseline,450600,200000,5300,true,0
713,baseline,434700,200000,1200,true,0
714,baseline,0,200900,0,true,12033600
715,baseline,0,1081200,0,true,2303700
714,baseline,1518500,200000,16200,true,0
715,baseline,1479700,200000,6500,true,0
716,baseline,0,200600,0,true,12092200
717,baseline,0,200700,0,true,2461800
716,baseline,617700,200000,9300,true,0
717,baseline,463300,200000,2000,true,0
718,baseline,0,201500,0,true,7997700
718,baseline,314100,200000,13900,true,0
719,baseline,0,201400,0,true,14077900
720,baseline,0,201100,0,true,4333500
719,baseline,520200,200000,14300,true,0
720,baseline,488300,200000,3200,true,0
721,baseline,0,200900,0,true,10553800
721,baseline,305700,200000,70000,true,0
722,baseline,0,201200,0,true,1368200
722,baseline,227200,200000,3700,true,0
723,baseline,0,275900,0,true,6955200
723,baseline,449100,200000,15700,true,0
724,baseline,0,200400,0,true,5395200
724,baseline,262200,200000,7900,true,0
725,baseline,0,200300,0,true,1165600
725,baseline,255400,200000,2500,true,0
726,baseline,0,200300,0,true,6425400
726,baseline,230800,200000,3900,true,0
727,baseline,0,200500,0,true,12128300
728,baseline,0,201200,0,true,2362500
727,baseline,488800,200000,12700,true,0
728,baseline,474000,200000,2300,true,0
729,baseline,0,201100,0,true,16266900
730,baseline,0,200600,0,true,6516600
729,baseline,495300,200000,11700,true,0
730,baseline,474200,200000,4100,true,0
731,baseline,0,200900,0,true,11625400
732,baseline,0,200700,0,true,1882100
731,baseline,516400,200000,14100,true,0
732,baseline,483800,200000,3200,true,0
733,baseline,0,201100,0,true,7995400
733,baseline,334100,200000,81800,true,0
734,baseline,0,201500,0,true,13281200
735,baseline,0,201100,0,true,3530100
734,baseline,502800,200000,12000,true,0
735,baseline,475900,200000,2600,true,0
736,baseline,0,201500,0,true,9955100
736,baseline,315500,200000,14700,true,0
737,baseline,0,200900,0,true,1285100
737,baseline,444300,200000,16800,true,0
738,baseline,0,201100,0,true,5514500
738,baseline,286100,200000,11800,true,0
739,baseline,0,201400,0,true,12003100
740,baseline,0,201500,0,true,2271100
739,baseline,553200,200000,15200,true,0
740,baseline,519200,200000,6500,true,0
741,baseline,0,201400,0,true,7457900
741,baseline,311600,200000,14000,true,0
742,baseline,0,201600,0,true,14231200
743,baseline,0,202700,0,true,4508500
742,baseline,586800,200000,20100,true,0
743,baseline,547700,200000,5700,true,0
744,baseline,0,201400,0,true,9701500
744,baseline,356100,200000,17700,true,0
745,baseline,0,201300,0,true,16183700
746,baseline,0,201000,0,true,6433900
745,baseline,500300,200000,12200,true,0
746,baseline,478800,200000,4400,true,0
747,baseline,0,201900,0,true,11296600
748,baseline,0,201400,0,true,1579500
747,baseline,565200,200000,15800,true,0
748,baseline,513100,200000,5500,true,0
749,baseline,0,201900,0,true,7784100
749,baseline,351000,200000,15400,true,0
750,baseline,0,201100,0,true,13126700
751,baseline,0,200800,0,true,3375400
750,baseline,500200,200000,12100,true,0
751,baseline,472600,200000,3700,true,0
752,baseline,0,200800,0,true,9440800
752,baseline,270700,200000,9400,true,0
753,baseline,0,201400,0,true,15469200
754,baseline,0,201300,0,true,5725100
753,baseline,515000,200000,14100,true,0
754,baseline,484100,200000,4300,true,0
755,baseline,0,201000,0,true,11886200
756,baseline,0,201400,0,true,2165700
755,baseline,579400,200000,18600,true,0
756,baseline,536600,200000,5900,true,0
757,baseline,0,461400,0,true,8281200
757,baseline,634900,200000,18200,true,0
758,baseline,0,201500,0,true,13643100
759,baseline,0,202100,0,true,3920200
758,baseline,577300,200000,17400,true,0
759,baseline,533900,200000,7600,true,0
760,baseline,0,290500,0,true,9800900
760,baseline,450900,200000,15500,true,0
761,baseline,0,201500,0,true,909700
761,baseline,293500,200000,12400,true,0
762,baseline,0,201100,0,true,5909900
762,baseline,342900,200000,15600,true,0
763,baseline,0,201200,0,true,12103200
764,baseline,0,201200,0,true,2383200
763,baseline,583700,200000,19700,true,0
764,baseline,538500,200000,7900,true,0
765,baseline,0,201100,0,true,7360400
765,baseline,329500,200000,15600,true,0
766,baseline,0,201500,0,true,13482300
767,baseline,0,200800,0,true,3763500
766,baseline,588600,200000,18100,true,0
767,baseline,542400,200000,6700,true,0
768,baseline,0,201300,0,true,9390800
768,baseline,347500,200000,17200,true,0
769,baseline,0,201300,0,true,16369100
770,baseline,0,200900,0,true,6637700
769,baseline,552700,200000,16000,true,0
770,baseline,514200,200000,7900,true,0
771,baseline,0,201700,0,true,11488400
772,baseline,0,201500,0,true,1746700
771,baseline,517800,200000,14000,true,0
772,baseline,482700,200000,3400,true,0
773,baseline,0,201300,0,true,7067200
773,baseline,282300,200000,10300,true,0
774,baseline,0,200500,0,true,12786300
775,baseline,0,200400,0,true,3002100
774,baseline,434400,200000,4000,true,0
775,baseline,425200,200000,1100,true,0
776,baseline,0,200800,0,true,8562400
776,baseline,273100,200000,10500,true,0
777,baseline,0,201000,0,true,14205900
778,baseline,0,200400,0,true,4441500
777,baseline,457900,200000,4900,true,0
778,baseline,430700,200000,1400,true,0
779,baseline,0,200500,0,true,12074600
780,baseline,0,210900,0,true,2317200
779,baseline,514500,200000,10600,true,0
780,baseline,754400,200000,16400,true,0
781,baseline,0,201400,0,true,11261100
781,baseline,360000,200000,15000,true,0
782,baseline,0,200800,0,true,2331500
782,baseline,278500,200000,12200,true,0
783,baseline,0,201500,0,true,23841200
784,baseline,0,295300,0,true,14091800
785,baseline,0,200700,0,true,4458100
783,baseline,898300,200000,13100,true,0
784,baseline,870500,200000,2700,true,0
785,baseline,713100,200000,3100,true,0
786,baseline,0,200900,0,true,9144700
786,baseline,273200,200000,9500,true,0
787,baseline,0,201300,0,true,15827700
788,baseline,0,200800,0,true,6083600
787,baseline,513300,200000,14100,true,0
788,baseline,481400,200000,3900,true,0
789,baseline,0,201700,0,true,11874500
790,baseline,0,201100,0,true,2155600
789,baseline,584900,200000,19500,true,0
790,baseline,536700,200000,8100,true,0
791,baseline,0,201500,0,true,7552600
791,baseline,293800,200000,11700,true,0
792,baseline,0,201100,0,true,14239200
793,baseline,0,200900,0,true,4507400
792,baseline,552600,200000,15400,true,0
793,baseline,513900,200000,5400,true,0
794,baseline,0,201100,0,true,9932100
794,baseline,289300,200000,12200,true,0
795,baseline,0,201100,0,true,15881000
796,baseline,0,200800,0,true,6129600
795,baseline,504400,200000,12000,true,0
796,baseline,475900,200000,4000,true,0
797,baseline,0,202700,0,true,13440200
798,baseline,0,201400,0,true,3746500
797,baseline,625800,200000,18900,true,0
798,baseline,641500,200000,9300,true,0
799,baseline,0,200600,0,true,8370000
799,baseline,347600,200000,18100,true,0
800,baseline,0,201000,0,true,14170300
801,baseline,0,309000,0,true,4452800
800,baseline,851300,200000,16100,true,0
801,baseline,810400,200000,6400,true,0
802,baseline,0,200300,0,true,8429500
802,baseline,1354200,200000,16700,true,0
803,baseline,0,200500,0,true,994400
803,baseline,281800,200000,7300,true,0
804,baseline,0,201400,0,true,4504100
804,baseline,344200,200000,15400,true,0
805,baseline,0,201100,0,true,10364400
805,baseline,607100,200000,22600,true,0
806,baseline,0,201500,0,true,1589200
806,baseline,267600,200000,8900,true,0
807,baseline,0,350300,0,true,15534600
808,baseline,0,201100,0,true,5980800
807,baseline,742600,200000,15100,true,0
808,baseline,525600,200000,5800,true,0
809,baseline,0,201800,0,true,12098300
810,baseline,0,200800,0,true,2377600
809,baseline,569900,200000,17700,true,0
810,baseline,524500,200000,5800,true,0
811,baseline,0,201300,0,true,7595500
811,baseline,346300,200000,17000,true,0
812,baseline,0,201400,0,true,14991600
813,baseline,0,201300,0,true,5272700
812,baseline,606200,200000,19300,true,0
813,baseline,561400,200000,5200,true,0
814,baseline,0,200100,0,true,9390100
814,baseline,229600,200000,3600,true,0
815,baseline,0,349000,0,true,16411900
816,baseline,0,201400,0,true,6861200
815,baseline,757800,200000,15100,true,0
816,baseline,539300,200000,6400,true,0
817,baseline,0,200000,0,true,10804800
818,baseline,0,200200,0,true,1020200
817,baseline,429200,200000,3800,true,0
818,baseline,418900,200000,300,true,0
819,baseline,0,200100,0,true,10942200
820,baseline,0,200000,0,true,1152700
819,baseline,418300,200000,2300,true,0
820,baseline,411100,200000,400,true,0
821,baseline,0,200100,0,true,7043300
821,baseline,221700,200000,2800,true,0
822,baseline,0,200200,0,true,12339200
823,baseline,0,200200,0,true,2557000
822,baseline,432200,200000,3600,true,0
823,baseline,420700,200000,900,true,0
824,baseline,0,201100,0,true,10554800
824,baseline,306600,200000,593100,true,0
825,baseline,0,201600,0,true,2104100
825,baseline,295900,200000,10600,true,0
826,baseline,0,200500,0,true,6426900
826,baseline,259500,200000,7400,true,0
827,baseline,0,200900,0,true,12926200
828,baseline,0,200500,0,true,3170500
827,baseline,487600,200000,10000,true,0
828,baseline,460800,200000,2200,true,0
829,baseline,0,201700,0,true,9311300
829,baseline,302800,200000,14200,true,0
830,baseline,0,201900,0,true,15115100
831,baseline,0,201100,0,true,5373200
830,baseline,520600,200000,11800,true,0
831,baseline,482100,200000,2900,true,0
832,baseline,0,200900,0,true,11218000
833,baseline,0,209700,0,true,1469200
832,baseline,719600,200000,14400,true,0
833,baseline,699200,200000,3800,true,0
834,baseline,0,202000,0,true,6866100
834,baseline,317300,200000,14600,true,0
835,baseline,0,201700,0,true,12879600
836,baseline,0,200900,0,true,3135600
835,baseline,520600,200000,14000,true,0
836,baseline,486800,200000,3000,true,0
837,baseline,0,201200,0,true,9206100
837,baseline,327500,200000,18200,true,0
838,baseline,0,200900,0,true,14979500
839,baseline,0,200900,0,true,5229600
838,baseline,506900,200000,12100,true,0
839,baseline,477100,200000,3200,true,0
840,baseline,0,430600,0,true,11314900
841,baseline,0,201600,0,true,1862700
840,baseline,819400,200000,12100,true,0
841,baseline,491300,200000,3100,true,0
842,baseline,0,200700,0,true,4663400
842,baseline,307600,200000,10900,true,0
843,baseline,0,200700,0,true,2490300
843,baseline,308800,200000,13800,true,0
844,baseline,0,465800,0,true,10969300
845,baseline,0,200800,0,true,1497200
844,baseline,822200,200000,14300,true,0
845,baseline,759900,200000,15600,true,0
846,baseline,0,200200,0,true,6377700
846,baseline,244000,200000,6200,true,0
847,baseline,0,302800,0,true,17069200
848,baseline,0,200100,0,true,7402500
847,baseline,631800,200000,3500,true,0
848,baseline,506600,200000,1100,true,0
849,baseline,0,200100,0,true,8033300
849,baseline,229000,200000,2900,true,0
850,baseline,0,200000,0,true,14750400
851,baseline,0,200100,0,true,4968300
850,baseline,438800,200000,3100,true,0
851,baseline,426200,200000,700,true,0
852,baseline,0,200000,0,true,10637600
852,baseline,225000,200000,2900,true,0
853,baseline,0,200200,0,true,1105000
853,baseline,206900,200000,900,true,0
854,baseline,0,201700,0,true,7059100
854,baseline,374100,200000,19600,true,0
855,baseline,0,201200,0,true,13140100
856,baseline,0,201100,0,true,3418000
855,baseline,576100,200000,17300,true,0
856,baseline,531000,200000,5400,true,0
857,baseline,0,201300,0,true,9314300
857,baseline,326900,200000,15100,true,0
858,baseline,0,201100,0,true,15438700
859,baseline,0,201100,0,true,5707000
858,baseline,552000,200000,15900,true,0
859,baseline,513200,200000,5500,true,0
860,baseline,0,201600,0,true,12897700
861,baseline,0,201300,0,true,3200400
860,baseline,602500,200000,16600,true,0
861,baseline,530500,200000,5500,true,0
862,baseline,0,201100,0,true,7313700
862,baseline,299300,200000,14100,true,0
863,baseline,0,275800,0,true,13433500
864,baseline,0,201200,0,true,3765100
863,baseline,591200,200000,11600,true,0
864,baseline,488300,200000,4000,true,0
865,baseline,0,201800,0,true,9131900
865,baseline,311700,200000,14500,true,0
866,baseline,0,201000,0,true,15351900
867,baseline,0,200900,0,true,5611100
866,baseline,543400,200000,14900,true,0
867,baseline,513000,200000,5900,true,0
868,baseline,0,201400,0,true,11659500
869,baseline,0,201300,0,true,1923500
868,baseline,546500,200000,13500,true,0
869,baseline,513900,200000,7000,true,0
870,baseline,0,201100,0,true,7820700
870,baseline,289500,200000,11600,true,0
871,baseline,0,201000,0,true,14112100
872,baseline,0,201200,0,true,4369900
871,baseline,532600,200000,12900,true,0
872,baseline,500600,200000,5500,true,0
873,baseline,0,200400,0,true,9895100
873,baseline,347300,200000,7700,true,0
874,baseline,0,200500,0,true,15498100
875,baseline,0,201400,0,true,5951100
874,baseline,801700,200000,13200,true,0
875,baseline,566300,200000,900,true,0
876,baseline,0,259800,0,true,2256200
876,baseline,284800,200000,3000,true,0
877,baseline,0,200200,0,true,2543100
877,baseline,218100,200000,2300,true,0
878,baseline,0,200400,0,true,2233100
878,baseline,235200,200000,4800,true,0
879,baseline,0,201300,0,true,8322400
879,baseline,336400,200000,15300,true,0
880,baseline,0,201500,0,true,13356900
881,baseline,0,201300,0,true,3612800
880,baseline,523200,200000,13900,true,0
881,baseline,490700,200000,3500,true,0
882,baseline,0,201100,0,true,11701700
883,baseline,0,201300,0,true,1969400
882,baseline,550100,200000,14900,true,0
883,baseline,511000,200000,5700,true,0
884,baseline,0,201400,0,true,8200900
884,baseline,329400,200000,15600,true,0
885,baseline,0,200900,0,true,13387300
886,baseline,0,200900,0,true,3654300
885,baseline,551000,200000,15400,true,0
886,baseline,513400,200000,6200,true,0
887,baseline,0,201200,0,true,8896700
887,baseline,293000,200000,12000,true,0
888,baseline,0,201200,0,true,15423100
889,baseline,0,200700,0,true,5670100
888,baseline,497200,200000,12100,true,0
889,baseline,591800,200000,21200,true,0
890,baseline,0,200100,0,true,10793400
891,baseline,0,200100,0,true,1010500
890,baseline,429500,200000,1800,true,0
891,baseline,416900,200000,1100,true,0
892,baseline,0,201100,0,true,7666200
892,baseline,342300,200000,15100,true,0
893,baseline,0,201300,0,true,1468400
893,baseline,323300,200000,16000,true,0
894,baseline,0,201200,0,true,3357600
894,baseline,323600,200000,14000,true,0
895,baseline,0,201300,0,true,9462900
895,baseline,389600,200000,14500,true,0
896,baseline,0,200900,0,true,14819900
897,baseline,0,200800,0,true,5063000
896,baseline,492100,200000,50600,true,0
897,baseline,512000,200000,3700,true,0
898,baseline,0,201200,0,true,11572700
899,baseline,0,200700,0,true,1819500
898,baseline,492500,200000,10400,true,0
899,baseline,570500,200000,9000,true,0
900,baseline,0,201400,0,true,7205200
900,baseline,288700,200000,12900,true,0
901,baseline,0,201200,0,true,4516000
901,baseline,356000,200000,14800,true,0
902,baseline,0,252100,0,true,10543200
902,baseline,446400,200000,15700,true,0
903,baseline,0,200900,0,true,1583000
903,baseline,282300,200000,11200,true,0
904,baseline,0,201100,0,true,3117600
904,baseline,380800,200000,15200,true,0
905,baseline,0,200600,0,true,8356500
905,baseline,304600,200000,12600,true,0
906,baseline,0,200700,0,true,14056700
907,baseline,0,200800,0,true,4317800
906,baseline,730400,200000,12400,true,0
907,baseline,695000,200000,3400,true,0
908,baseline,0,201200,0,true,9971300
908,baseline,334800,200000,13100,true,0
909,baseline,0,201100,0,true,901000
909,baseline,314500,200000,7900,true,0
910,baseline,0,201100,0,true,13261700
911,baseline,0,201000,0,true,3533600
910,baseline,577700,200000,16600,true,0
911,baseline,534500,200000,4700,true,0
912,baseline,0,200700,0,true,9253300
912,baseline,314900,200000,12500,true,0
913,baseline,0,200200,0,true,15076800
914,baseline,0,295500,0,true,5297800
913,baseline,716900,200000,13200,true,0
914,baseline,720100,200000,4400,true,0
915,baseline,0,201300,0,true,10931700
916,baseline,0,201300,0,true,1181800
915,baseline,507900,200000,12600,true,0
916,baseline,480000,200000,3800,true,0
917,baseline,0,200800,0,true,7289400
917,baseline,276500,200000,10700,true,0
918,baseline,0,392500,0,true,12745000
919,baseline,0,201200,0,true,3235000
918,baseline,792700,200000,14200,true,0
919,baseline,530900,200000,5200,true,0
920,baseline,0,200900,0,true,8507500
920,baseline,334500,200000,34600,true,0
921,baseline,0,201100,0,true,14471400
922,baseline,0,201000,0,true,4754300
921,baseline,578600,200000,16900,true,0
922,baseline,530300,200000,6800,true,0
923,baseline,0,200200,0,true,9789300
923,baseline,247000,200000,4900,true,0
924,baseline,0,200900,0,true,5550600
924,baseline,301700,200000,11200,true,0
925,baseline,0,200300,0,true,10661100
925,baseline,236400,200000,3200,true,0
926,baseline,0,200500,0,true,1172400
926,baseline,240800,200000,5000,true,0
927,baseline,0,200100,0,true,9203500
927,baseline,240900,200000,3800,true,0
928,baseline,0,316700,0,true,15583300
929,baseline,0,202400,0,true,5931600
928,baseline,582900,200000,4200,true,0
929,baseline,451200,200000,3300,true,0
930,baseline,0,200200,0,true,10827700
931,baseline,0,200400,0,true,1051200
930,baseline,464200,200000,6400,true,0
931,baseline,453800,200000,2200,true,0
932,baseline,0,200500,0,true,6880100
932,baseline,253700,200000,6200,true,0
933,baseline,0,200900,0,true,13052900
934,baseline,0,201200,0,true,3317300
933,baseline,546500,200000,14600,true,0
934,baseline,507800,200000,4500,true,0
935,baseline,0,201200,0,true,8690100
935,baseline,328900,200000,15800,true,0
936,baseline,0,201400,0,true,14817000
937,baseline,0,201100,0,true,5084800
936,baseline,550500,200000,15400,true,0
937,baseline,511700,200000,5100,true,0
938,baseline,0,201800,0,true,10223700
938,baseline,360000,200000,15400,true,0
939,baseline,0,201000,0,true,1121400
939,baseline,264900,200000,8500,true,0
940,baseline,0,201000,0,true,13238900
941,baseline,0,201000,0,true,3505400
940,baseline,548500,200000,14500,true,0
941,baseline,510900,200000,5600,true,0
942,baseline,0,202200,0,true,8097600
942,baseline,375400,200000,11600,true,0
943,baseline,0,201000,0,true,8737200
943,baseline,288100,200000,12100,true,0
944,baseline,0,200900,0,true,8025100
944,baseline,957800,200000,19300,true,0
945,baseline,0,201100,0,true,10814800
945,baseline,319500,200000,14000,true,0
946,baseline,0,201300,0,true,1636000
946,baseline,264400,200000,8500,true,0
947,baseline,0,201300,0,true,6938000
947,baseline,304400,200000,14100,true,0
948,baseline,0,201200,0,true,12756800
949,baseline,0,201400,0,true,3005200
948,baseline,511100,200000,14000,true,0
949,baseline,486700,200000,3700,true,0
950,baseline,0,201000,0,true,8518800
950,baseline,290500,200000,11800,true,0
951,baseline,0,201000,0,true,14613000
952,baseline,0,201000,0,true,4868700
951,baseline,516000,200000,12000,true,0
952,baseline,480000,200000,2600,true,0
953,baseline,0,201500,0,true,10484000
953,baseline,309400,200000,13800,true,0
954,baseline,0,201000,0,true,1229200
954,baseline,226000,200000,3900,true,0
955,baseline,0,201200,0,true,6539400
955,baseline,306300,200000,14100,true,0
956,baseline,0,201100,0,true,13688500
957,baseline,0,201100,0,true,3957100
956,baseline,551600,200000,15800,true,0
957,baseline,512300,200000,5300,true,0
958,baseline,0,200900,0,true,9257500
958,baseline,332300,200000,15100,true,0
959,baseline,0,202000,0,true,15714500
960,baseline,0,252900,0,true,6016500
959,baseline,659400,200000,15100,true,0
960,baseline,587600,200000,5700,true,0
961,baseline,0,201300,0,true,11246200
962,baseline,0,201500,0,true,1514700
961,baseline,560300,200000,19100,true,0
962,baseline,524000,200000,5400,true,0
963,baseline,0,201000,0,true,6911800
963,baseline,327300,200000,15400,true,0
964,baseline,0,226600,0,true,11759600
965,baseline,0,201300,0,true,2072300
964,baseline,618000,200000,15200,true,0
965,baseline,1155100,200000,17200,true,0
966,baseline,0,200900,0,true,13415700
967,baseline,0,252400,0,true,3686300
966,baseline,627200,200000,16700,true,0
967,baseline,582000,200000,3100,true,0
968,baseline,0,200400,0,true,9080500
968,baseline,244500,200000,5600,true,0
969,baseline,0,200600,0,true,3864800
969,baseline,252900,200000,6400,true,0
970,baseline,0,483800,0,true,9902300
970,baseline,667500,200000,12200,true,0
971,baseline,0,200700,0,true,1020700
971,baseline,224700,200000,3300,true,0
972,baseline,0,200600,0,true,1489500
972,baseline,234300,200000,4400,true,0
973,baseline,0,200900,0,true,7463800
973,baseline,293000,200000,11700,true,0
974,baseline,0,200400,0,true,13160800
975,baseline,0,280700,0,true,3377400
974,baseline,569000,200000,6100,true,0
975,baseline,566800,200000,3200,true,0
976,baseline,0,201000,0,true,11264600
976,baseline,334300,200000,15200,true,0
977,baseline,0,201500,0,true,2125300
977,baseline,261800,200000,8500,true,0
978,baseline,0,201100,0,true,5485200
978,baseline,293700,200000,11900,true,0
979,baseline,0,309700,0,true,11622300
980,baseline,0,201300,0,true,2075900
979,baseline,761000,200000,14700,true,0
980,baseline,535500,200000,5300,true,0
981,baseline,0,200900,0,true,8359900
981,baseline,327600,200000,15700,true,0
982,baseline,0,201300,0,true,14147000
983,baseline,0,201000,0,true,4396700
982,baseline,501700,200000,11800,true,0
983,baseline,472000,200000,2800,true,0
984,baseline,0,201500,0,true,11044000
984,baseline,371500,200000,15400,true,0
985,baseline,0,263800,0,true,1963800
985,baseline,341900,200000,8800,true,0
986,baseline,0,201400,0,true,7107600
986,baseline,336400,200000,16100,true,0
987,baseline,0,201100,0,true,11774000
988,baseline,0,200900,0,true,2023000
987,baseline,503100,200000,11900,true,0
988,baseline,473900,200000,2600,true,0
989,baseline,0,201000,0,true,7863900
989,baseline,286800,200000,11900,true,0
990,baseline,0,201300,0,true,13968300
991,baseline,0,201100,0,true,4255900
990,baseline,591900,200000,16000,true,0
991,baseline,535700,200000,6400,true,0
992,baseline,0,907500,0,true,9988700
992,baseline,1094800,200000,15500,true,0
993,baseline,0,201200,0,true,1637000
993,baseline,270000,200000,8600,true,0
994,baseline,0,201000,0,true,5793800
994,baseline,344500,200000,16800,true,0
995,baseline,0,200700,0,true,11721500
996,baseline,0,201800,0,true,1977400
995,baseline,544400,200000,18100,true,0
996,baseline,514800,200000,2500,true,0
997,baseline,0,201300,0,true,7058200
997,baseline,317100,200000,13500,true,0
998,baseline,0,200900,0,true,14896800
998,baseline,463800,200000,15100,true,0
